<?xml version="1.0" encoding="utf-8" standalone="yes"?>
<rss version="2.0" xmlns:atom="http://www.w3.org/2005/Atom">
  <channel>
    <title>REST API on ĐÌNH NGÂN BLOG</title>
    <link>/categories/rest-api/</link>
    <description>Recent content in REST API on ĐÌNH NGÂN BLOG</description>
    <generator>Hugo</generator>
    <language>vi</language>
    <lastBuildDate>Tue, 23 Dec 2025 00:00:00 +0000</lastBuildDate>
    <atom:link href="/categories/rest-api/index.xml" rel="self" type="application/rss+xml" />
    <item>
      <title>REST API và JSON trong Java &amp; JavaScript</title>
      <link>/posts/bai-viet-5/</link>
      <pubDate>Tue, 23 Dec 2025 00:00:00 +0000</pubDate>
      <guid>/posts/bai-viet-5/</guid>
      <description>&lt;p&gt;REST API và JSON là hai thành phần không thể thiếu trong các hệ thống web và ứng dụng hiện đại. Chúng đóng vai trò trung tâm trong việc giúp các ứng dụng khác nhau có thể giao tiếp, trao đổi dữ liệu một cách hiệu quả và linh hoạt. Trong bài viết này, mình sẽ trình bày tổng quan về REST API, JSON và cách Java cùng JavaScript sử dụng chúng trong thực tế.&lt;/p&gt;</description>
    </item>
  </channel>
</rss>
