[{"title": "Bảo mật cơ bản trong lập trình mạng","url": "/posts/bai-viet-7/","date": "23/12/2025","summary": "Mạng máy tính là môi trường mở, nơi dữ liệu luôn phải di chuyển qua nhiều thiết bị trung gian. Nếu không được bảo vệ đúng cách, thông tin có thể bị đánh cắp, chỉnh sửa hoặc giả mạo mà người dùng không hề hay biết.\n1. Tổng quan về bảo mật trong lập trình mạng Bảo mật mạng tập trung vào việc bảo vệ dữ liệu khi truyền tải và ngăn chặn các truy cập trái phép vào hệ thống.\nLập trình viên cần hiểu rằng mọi dữ liệu đến từ mạng đều không đáng tin cậy cho đến khi được kiểm chứng.\n","content": "Mạng máy tính là môi trường mở, nơi dữ liệu luôn phải di chuyển qua nhiều thiết bị trung gian. Nếu không được bảo vệ đúng cách, thông tin có thể bị đánh cắp, chỉnh sửa hoặc giả mạo mà người dùng không hề hay biết.\n1. Tổng quan về bảo mật trong lập trình mạng Bảo mật mạng tập trung vào việc bảo vệ dữ liệu khi truyền tải và ngăn chặn các truy cập trái phép vào hệ thống.\nLập trình viên cần hiểu rằng mọi dữ liệu đến từ mạng đều không đáng tin cậy cho đến khi được kiểm chứng.\nMột số mối đe dọa phổ biến trong lập trình mạng:\nMan-in-the-Middle (MitM): Kẻ tấn công nghe lén hoặc thay đổi dữ liệu trên đường truyền. Sniffing: Bắt gói tin mạng để đọc thông tin nhạy cảm. SQL Injection: Chèn câu lệnh SQL độc hại thông qua input. Cross-Site Scripting (XSS): Chèn mã độc vào trình duyệt người dùng. 2. Các biện pháp bảo mật cơ bản HTTPS và mã hóa dữ liệu HTTPS sử dụng TLS/SSL để:\nMã hóa dữ liệu truyền giữa Client và Server. Xác thực danh tính Server. Đảm bảo dữ liệu không bị thay đổi trong quá trình truyền. 👉 Mọi ứng dụng web hiện đại bắt buộc phải sử dụng HTTPS.\nToken-Based Authentication Thay vì lưu session truyền thống, hệ thống hiện đại thường sử dụng:\nJWT (JSON Web Token) Access Token / Refresh Token Cơ chế này giúp:\nGiảm nguy cơ bị chiếm quyền phiên. Dễ mở rộng cho hệ thống phân tán (Microservices). 3. Ví dụ code bảo mật Java: Hash mật khẩu với BCrypt String hashedPassword = BCrypt.hashpw(plainPass, BCrypt.gensalt()); Việc sử dụng BCrypt giúp:\nKhông lưu mật khẩu dạng plaintext. Tự động thêm salt. Chống lại tấn công brute-force hiệu quả. JavaScript: Ngăn chặn XSS từ dữ liệu người dùng const safeText = userContent .replace(/\u0026lt;/g, \u0026#34;\u0026amp;lt;\u0026#34;) .replace(/\u0026gt;/g, \u0026#34;\u0026amp;gt;\u0026#34;); Việc escape ký tự nguy hiểm giúp:\nNgăn script độc hại thực thi trong trình duyệt. Bảo vệ người dùng khỏi đánh cắp cookie hoặc token. 4. Nguyên tắc bảo mật quan trọng Một số nguyên tắc mà lập trình viên mạng cần ghi nhớ:\nKhông bao giờ tin tưởng input từ Client. Luôn validate và sanitize dữ liệu. Không truyền dữ liệu nhạy cảm qua HTTP thường. Áp dụng nguyên tắc Least Privilege (quyền tối thiểu). Log và giám sát các hành vi bất thường. Bảo mật không phải là một bước trong dự án mà là một quy trình xuyên suốt vòng đời phần mềm.\nKết luận Bảo mật trong lập trình mạng không phải là lựa chọn, mà là yêu cầu bắt buộc. Việc kết hợp giữa mã hóa, xác thực, và xử lý dữ liệu an toàn giúp hệ thống tránh được phần lớn các cuộc tấn công phổ biến. Một lập trình viên giỏi không chỉ biết viết code chạy được, mà còn phải biết viết code an toàn.\n","categories": ["Development","Security","Networking"]},{"title": "Định hướng học lập trình mạng với Java \u0026 JavaScript","url": "/posts/bai-viet-9/","date": "23/12/2025","summary": "Lập trình mạng không phải là một chủ đề có thể học trong ngày một ngày hai. Đây là một hành trình đòi hỏi sự kiên trì, tư duy hệ thống và khả năng kết nối nhiều kiến thức khác nhau từ phần cứng, hệ điều hành cho đến lập trình ứng dụng.\nBài viết này chia sẻ định hướng học lập trình mạng dành cho sinh viên và người mới bắt đầu, tập trung vào hai ngôn ngữ phổ biến là Java và JavaScript.\n","content": "Lập trình mạng không phải là một chủ đề có thể học trong ngày một ngày hai. Đây là một hành trình đòi hỏi sự kiên trì, tư duy hệ thống và khả năng kết nối nhiều kiến thức khác nhau từ phần cứng, hệ điều hành cho đến lập trình ứng dụng.\nBài viết này chia sẻ định hướng học lập trình mạng dành cho sinh viên và người mới bắt đầu, tập trung vào hai ngôn ngữ phổ biến là Java và JavaScript.\n1. Kiến thức nền tảng cần nắm vững Trước khi viết bất kỳ dòng code mạng nào, điều quan trọng nhất là hiểu cách mạng máy tính hoạt động.\n🔹 Mô hình OSI Mô hình OSI giúp bạn hiểu rõ dữ liệu di chuyển qua các tầng như thế nào:\nTầng 1–3: Phần cứng, IP, Routing (ít code nhưng cần hiểu). Tầng 4 (Transport): TCP / UDP – nền tảng của Socket. Tầng 7 (Application): HTTP, HTTPS, WebSocket – nơi JavaScript và Web API hoạt động. Nếu bỏ qua phần này và chỉ học framework, bạn sẽ rất dễ mất gốc khi debug lỗi mạng.\n2. Lộ trình học lập trình mạng với Java \u0026amp; JavaScript 🧩 Bước 1: Làm quen với TCP / UDP bằng Java Java là ngôn ngữ rất phù hợp để học mạng vì:\nCó thư viện java.net rõ ràng, trực quan. Dễ quan sát luồng dữ liệu (Input/Output Stream). Giúp hiểu sâu cách Client – Server giao tiếp ở mức thấp. Ở giai đoạn này, bạn nên:\nViết chương trình Client – Server Socket đơn giản. Hiểu cơ chế Blocking và Non-blocking. Tự tay đóng v gói dữ liệu UDP. 🌐 Bước 2: Hiểu HTTP và Web bằng JavaScript Sau khi nắm vững TCP, hãy chuyển sang tầng Application với JavaScript để xây dựng ứng dụng web:\nHọc cách sử dụng Fetch API và Axios. Hiểu cấu trúc JSON, REST API. Nắm vững chính sách CORS và Same-Origin Policy. 🔁 Bước 3: Giao tiếp Real-time với WebSocket Khi đã quen với HTTP, hãy nâng cấp lên giao tiếp thời gian thực:\nXây dựng ứng dụng Chat hoặc hệ thống Notification. Hiểu cách Java đóng vai trò Server chịu tải và JavaScript xử lý giao diện Client. 3. Tư duy học đúng trong lập trình mạng Một sai lầm phổ biến là học framework trước khi hiểu bản chất. Thay vào đó, bạn nên:\nHiểu dữ liệu đi từ đâu đến đâu: NIC → OS → Application. Hiểu xử lý song song: Cách Server quản lý hàng nghìn kết nối cùng lúc. Debug lỗi hệ thống: Hiểu vì sao request bị timeout hoặc bị block bởi firewall. Khi nắm vững những điều này, bạn sẽ dễ dàng tiếp cận các công nghệ nâng cao như Microservices, Cloud Computing hay Distributed Systems.\n4. Lời khuyên cho người mới bắt đầu Đừng vội vàng: Hãy viết code đơn giản nhưng hiểu sâu từng dòng. Kết hợp thực hành: Luôn có project nhỏ đi kèm: Chat app, API server, hoặc một hệ thống giám sát mạng cơ bản. Sử dụng công cụ: Làm quen với Wireshark để \u0026ldquo;nhìn\u0026rdquo; thấy các gói tin đang chạy trên dây mạng. Kết luận Lập trình mạng là nền tảng của mọi hệ thống hiện đại. Khi bạn nắm vững Java và JavaScript trong lĩnh vực này, bạn không chỉ học được cách viết code, mà còn hiểu được cách Internet thực sự vận hành. Chúc bạn có một hành trình học tập đầy hứng khởi và thành công! 🚀\n","categories": ["Networking"]},{"title": "Giao thức HTTP và cách JavaScript giao tiếp với Server","url": "/posts/bai-viet-4/","date": "23/12/2025","summary": "HTTP (HyperText Transfer Protocol) là giao thức nền tảng của World Wide Web, cho phép các ứng dụng và trình duyệt giao tiếp với Server thông qua mạng Internet. Hầu hết các website và Web API hiện nay đều sử dụng HTTP làm phương thức trao đổi dữ liệu chính.\n1. Tổng quan về giao thức HTTP HTTP là giao thức không trạng thái (stateless), nghĩa là mỗi request từ Client đến Server đều độc lập và không ghi nhớ trạng thái của các request trước đó.\n","content": "HTTP (HyperText Transfer Protocol) là giao thức nền tảng của World Wide Web, cho phép các ứng dụng và trình duyệt giao tiếp với Server thông qua mạng Internet. Hầu hết các website và Web API hiện nay đều sử dụng HTTP làm phương thức trao đổi dữ liệu chính.\n1. Tổng quan về giao thức HTTP HTTP là giao thức không trạng thái (stateless), nghĩa là mỗi request từ Client đến Server đều độc lập và không ghi nhớ trạng thái của các request trước đó.\nCác thành phần chính của HTTP bao gồm:\nRequest: Do Client gửi lên Server Response: Do Server trả về cho Client HTTP thường hoạt động trên nền giao thức TCP/IP và sử dụng các cổng phổ biến như 80 (HTTP) và 443 (HTTPS).\n2. Cấu trúc Request và Response HTTP Request Một HTTP Request bao gồm:\nMethod: GET, POST, PUT, DELETE URL: Địa chỉ tài nguyên Header: Thông tin bổ sung (Content-Type, Authorization, \u0026hellip;) Body: Dữ liệu gửi lên Server (thường dùng trong POST, PUT) HTTP Response HTTP Response bao gồm:\nStatus Code: 200 (OK), 404 (Not Found), 500 (Server Error), \u0026hellip; Header: Thông tin phản hồi Body: Nội dung dữ liệu trả về (HTML, JSON, XML) 3. JavaScript giao tiếp với Server thông qua HTTP JavaScript đóng vai trò quan trọng trong việc giúp Client gửi yêu cầu HTTP đến Server và xử lý dữ liệu phản hồi. Trong trình duyệt, JavaScript thường sử dụng các API như Fetch API hoặc thư viện Axios để giao tiếp với Server.\n4. Ví dụ minh họa bằng Fetch API Gửi HTTP POST Request fetch(\u0026#34;/api/login\u0026#34;, { method: \u0026#34;POST\u0026#34;, headers: { \u0026#34;Content-Type\u0026#34;: \u0026#34;application/json\u0026#34; }, body: JSON.stringify({ username: \u0026#34;admin\u0026#34;, password: \u0026#34;securepassword123\u0026#34; }) }) .then(response =\u0026gt; { if (response.ok) { console.log(\u0026#34;Đăng nhập thành công\u0026#34;); return response.json(); } else { throw new Error(\u0026#34;Đăng nhập thất bại\u0026#34;); } }) .then(data =\u0026gt; { console.log(\u0026#34;Dữ liệu nhận được:\u0026#34;, data); }) .catch(error =\u0026gt; { console.error(\u0026#34;Lỗi:\u0026#34;, error); }); Đoạn mã trên cho phép JavaScript gửi dữ liệu đăng nhập đến Server và xử lý kết quả phản hồi một cách bất đồng bộ.\n5. Chính sách CORS và bảo mật Khi JavaScript gửi request HTTP từ trình duyệt, nó chịu sự kiểm soát của CORS (Cross-Origin Resource Sharing).\nCORS giúp ngăn chặn các hành vi tấn công như đánh cắp dữ liệu hoặc truy cập trái phép từ các domain không tin cậy. Nếu Server không cấu hình CORS phù hợp, trình duyệt sẽ chặn request dù Server vẫn hoạt động bình thường. 6. Ứng dụng thực tế của HTTP và JavaScript Việc kết hợp HTTP và JavaScript là chìa khóa của các công nghệ hiện đại:\nWebsite động: Tải dữ liệu mà không cần tải lại trang. RESTful API: Giao tiếp chuẩn hóa giữa Frontend và Backend. Single Page Application (SPA): Các ứng dụng mượt mà như React, Vue hay Angular. Microservices:Giao tiếp giữa các dịch vụ nhỏ trong hệ thống lớn. Kết luận Giao thức HTTP là nền tảng của lập trình mạng hiện đại. Việc làm chủ HTTP kết hợp với JavaScript giúp lập trình viên xây dựng các ứng dụng web hiệu quả, an toàn và dễ mở rộng, đáp ứng tốt nhu cầu của người dùng ngày nay.\n","categories": ["Networking","HTTP","JavaScript"]},{"title": "Lập trình Socket trong Java – Cơ bản","url": "/posts/bai-viet-3/","date": "23/12/2025","summary": "Socket là một trong những khái niệm nền tảng của lập trình mạng, cho phép hai chương trình đang chạy trên các máy tính khác nhau giao tiếp với nhau thông qua mạng TCP/IP. Trong Java, lập trình Socket được sử dụng rộng rãi để xây dựng các ứng dụng client – server ở mức thấp, giúp lập trình viên hiểu rõ cơ chế truyền dữ liệu qua mạng.\n1. Khái niệm Socket trong Java Socket có thể được hiểu là điểm cuối của một kênh giao tiếp giữa hai tiến trình trên mạng. Java cung cấp các lớp hỗ trợ Socket trong gói java.net, cho phép lập trình viên dễ dàng triển khai mô hình Client – Server.\n","content": "Socket là một trong những khái niệm nền tảng của lập trình mạng, cho phép hai chương trình đang chạy trên các máy tính khác nhau giao tiếp với nhau thông qua mạng TCP/IP. Trong Java, lập trình Socket được sử dụng rộng rãi để xây dựng các ứng dụng client – server ở mức thấp, giúp lập trình viên hiểu rõ cơ chế truyền dữ liệu qua mạng.\n1. Khái niệm Socket trong Java Socket có thể được hiểu là điểm cuối của một kênh giao tiếp giữa hai tiến trình trên mạng. Java cung cấp các lớp hỗ trợ Socket trong gói java.net, cho phép lập trình viên dễ dàng triển khai mô hình Client – Server.\nCác lớp chính bao gồm:\nServerSocket: Được sử dụng ở phía Server để lắng nghe yêu cầu kết nối từ Client Socket: Đại diện cho kết nối giữa Client và Server sau khi kết nối được thiết lập 2. Quy trình hoạt động của Socket Quy trình giao tiếp cơ bản giữa Client và Server sử dụng Socket gồm các bước:\nServer tạo ServerSocket và lắng nghe tại một cổng (port) Client tạo Socket và gửi yêu cầu kết nối đến Server Server chấp nhận kết nối thông qua phương thức accept() Hai bên trao đổi dữ liệu thông qua InputStream và OutputStream Kết thúc giao tiếp và đóng kết nối 3. Ví dụ minh họa bằng code Server: Khởi tạo và chấp nhận kết nối ServerSocket server = new ServerSocket(9999); System.out.println(\u0026#34;Server đang chờ client kết nối...\u0026#34;); Socket socket = server.accept(); System.out.println(\u0026#34;Client đã kết nối!\u0026#34;); Đoạn code trên tạo một Server lắng nghe kết nối tại cổng 9999 và chấp nhận một Client khi có yêu cầu.\nClient: Chủ động kết nối đến Server Socket socket = new Socket(\u0026#34;127.0.0.1\u0026#34;, 9999); System.out.println(\u0026#34;Kết nối tới server thành công!\u0026#34;); Client chủ động kết nối đến Server thông qua địa chỉ IP và cổng tương ứng.\n4. Trao đổi dữ liệu qua Socket Sau khi kết nối được thiết lập, Client và Server có thể gửi – nhận dữ liệu thông qua luồng vào/ra.\n// Gửi dữ liệu OutputStream out = socket.getOutputStream(); PrintWriter writer = new PrintWriter(out, true); writer.println(\u0026#34;Hello Server!\u0026#34;); // Nhận dữ liệu InputStream in = socket.getInputStream(); BufferedReader reader = new BufferedReader(new InputStreamReader(in)); String message = reader.readLine(); System.out.println(\u0026#34;Nhận từ client: \u0026#34; + message); 5. Ưu điểm và hạn chế của Socket Java Tiêu chí Ưu điểm Hạn chế Kiểm soát Chi tiết quá trình truyền dữ liệu Phải tự quản lý luồng dữ liệu Hiệu năng Cao, tin cậy (TCP) Code phức tạp hơn REST API Ứng dụng Học thuật, hệ thống chuyên dụng Khó mở rộng nếu không có framework 6. Vị trí của Socket trong mô hình OSI Lập trình Socket trong Java hoạt động chủ yếu ở tầng Transport của mô hình OSI, sử dụng giao thức TCP để đảm bảo dữ liệu được truyền đầy đủ, đúng thứ tự và không bị mất mát.\nKết luận Mặc dù hiện nay có nhiều framework và công nghệ cấp cao như REST API hay WebSocket, lập trình Socket vẫn là nền tảng quan trọng mà mọi kỹ sư mạng và backend cần nắm vững. Việc hiểu rõ Socket giúp lập trình viên hiểu sâu hơn cách các ứng dụng giao tiếp và trao đổi dữ liệu qua mạng.\n","categories": ["Networking","Java"]},{"title": "Mô hình Client – Server trong lập trình mạng","url": "/posts/bai-viet-2/","date": "23/12/2025","summary": "Mô hình Client – Server là nền tảng của hầu hết các hệ thống mạng và ứng dụng web hiện nay. Hầu như mọi thao tác trên Internet như truy cập website, đăng nhập hệ thống hay gọi API đều tuân theo kiến trúc này. Việc hiểu rõ mô hình Client – Server giúp lập trình viên nắm vững cách các ứng dụng giao tiếp và trao đổi dữ liệu qua mạng.\n","content": "Mô hình Client – Server là nền tảng của hầu hết các hệ thống mạng và ứng dụng web hiện nay. Hầu như mọi thao tác trên Internet như truy cập website, đăng nhập hệ thống hay gọi API đều tuân theo kiến trúc này. Việc hiểu rõ mô hình Client – Server giúp lập trình viên nắm vững cách các ứng dụng giao tiếp và trao đổi dữ liệu qua mạng.\n1. Khái niệm mô hình Client – Server Trong kiến trúc Client – Server, công việc được phân chia rõ ràng giữa hai thành phần chính:\nClient: Thiết bị hoặc chương trình gửi yêu cầu (Request) đến Server\nVí dụ: Trình duyệt web, ứng dụng di động, phần mềm desktop Server: Máy chủ tiếp nhận yêu cầu, xử lý và trả về kết quả (Response) Client và Server giao tiếp with nhau thông qua các giao thức mạng như HTTP, TCP/IP hoặc WebSocket.\n2. Quy trình hoạt động Quy trình giao tiếp trong mô hình Client – Server thường diễn ra theo các bước sau:\nClient gửi yêu cầu đến Server thông qua mạng Server tiếp nhận và xử lý yêu cầu Server trả kết quả về cho Client Client hiển thị hoặc xử lý dữ liệu nhận được Mô hình này giúp hệ thống dễ quản lý và mở rộng khi số lượng người dùng tăng lên.\n3. Ví dụ minh họa bằng code Java: Đọc dữ liệu từ Socket (Server) InputStream in = socket.getInputStream(); BufferedReader reader = new BufferedReader(new InputStreamReader(in)); String message = reader.readLine(); System.out.println(\u0026#34;Client gửi: \u0026#34; + message); Đoạn code trên minh họa cách Server trong Java nhận dữ liệu từ Client thông qua Socket.\nJavaScript: Gửi Request từ Client (Axios) axios.get(\u0026#34;/api/v1/profile\u0026#34;) .then(response =\u0026gt; { renderUser(response.data); }) .catch(error =\u0026gt; { console.error(\u0026#34;Error:\u0026#34;, error); }); Client gửi yêu cầu HTTP đến Server và nhận dữ liệu phản hồi để hiển thị.\n4. Ưu điểm và hạn chế của mô hình Client – Server Tiêu chí Ưu điểm Hạn chế Quản lý Tập trung tại Server Server có thể bị quá tải Bảo mật Dễ kiểm soát truy cập Điểm yếu tập trung (Single point of failure) Mở rộng Dễ dàng nâng cấp hạ tầng Chi phí hạ tầng cao 5. Ứng dụng thực tế Mô hình Client – Server được áp dụng rộng rãi trong:\nWebsite và Web API Ứng dụng di động Hệ thống quản lý doanh nghiệp Dịch vụ ngân hàng và thương mại điện tử Trong thực tế, các hệ thống lớn thường kết hợp thêm các mô hình khác như Load Balancing hoặc Microservices để khắc phục hạn chế của Client – Server truyền thống.\nKết luận Mô hình Client – Server là kiến thức nền tảng quan trọng trong lập trình mạng. Việc nắm vững kiến trúc này giúp lập trình viên hiểu rõ cách các hệ thống hoạt động, từ đó xây dựng các ứng dụng mạng ổn định, an toàn và dễ mở rộng.\n","categories": ["Networking","Client-Server"]},{"title": "REST API và JSON trong Java \u0026 JavaScript","url": "/posts/bai-viet-5/","date": "23/12/2025","summary": "REST API và JSON là hai thành phần không thể thiếu trong các hệ thống web và ứng dụng hiện đại. Chúng đóng vai trò trung tâm trong việc giúp các ứng dụng khác nhau có thể giao tiếp, trao đổi dữ liệu một cách hiệu quả và linh hoạt. Trong bài viết này, mình sẽ trình bày tổng quan về REST API, JSON và cách Java cùng JavaScript sử dụng chúng trong thực tế.\n","content": "REST API và JSON là hai thành phần không thể thiếu trong các hệ thống web và ứng dụng hiện đại. Chúng đóng vai trò trung tâm trong việc giúp các ứng dụng khác nhau có thể giao tiếp, trao đổi dữ liệu một cách hiệu quả và linh hoạt. Trong bài viết này, mình sẽ trình bày tổng quan về REST API, JSON và cách Java cùng JavaScript sử dụng chúng trong thực tế.\n1. Tổng quan về REST API REST (Representational State Transfer) là một kiến trúc thiết kế dịch vụ web, trong đó mỗi tài nguyên được biểu diễn thông qua một URL cụ thể. REST API sử dụng các HTTP Method để thực hiện các thao tác trên tài nguyên.\nCác phương thức HTTP phổ biến trong REST API:\nGET: Lấy dữ liệu POST: Tạo mới dữ liệu PUT: Cập nhật dữ liệu DELETE: Xóa dữ liệu REST API giúp hệ thống:\nDễ mở rộng Dễ tích hợp với nhiều nền tảng Hoạt động tốt trong môi trường phân tán 2. JSON – Định dạng trao đổi dữ liệu phổ biến JSON (JavaScript Object Notation) là định dạng dữ liệu nhẹ, dễ đọc và dễ phân tích. Hiện nay, JSON là định dạng trao đổi dữ liệu mặc định trong hầu hết các REST API.\nƯu điểm của JSON Cấu trúc đơn giản, dễ hiểu Dễ parse trong JavaScript Được hỗ trợ tốt trong Java và nhiều ngôn ngữ khác Nhẹ hơn XML, giảm dung lượng truyền tải Ví dụ cấu trúc JSON { \u0026#34;user_id\u0026#34;: 100, \u0026#34;status\u0026#34;: \u0026#34;active\u0026#34;, \u0026#34;roles\u0026#34;: [\u0026#34;admin\u0026#34;, \u0026#34;dev\u0026#34;] } 3. Java xử lý REST API và JSON Trong các hệ thống backend, Java thường được sử dụng để xây dựng REST API và xử lý dữ liệu JSON.\nJava: Tạo dữ liệu JSON trả về cho Client JSONObject response = new JSONObject(); response.put(\u0026#34;status\u0026#34;, \u0026#34;success\u0026#34;); response.put(\u0026#34;code\u0026#34;, 200); response.put(\u0026#34;message\u0026#34;, \u0026#34;Request processed successfully\u0026#34;); Đoạn mã trên minh họa cách Java tạo một đối tượng JSON để gửi phản hồi cho Client thông qua REST API. Trong thực tế, Java thường kết hợp với các framework như Spring Boot để xây dựng REST API một cách nhanh chóng và hiệu quả.\n4. JavaScript tiêu thụ REST API JavaScript đóng vai trò là Client, gửi request đến REST API và xử lý dữ liệu JSON phản hồi từ Server.\nfetch(\u0026#34;/api/users/100\u0026#34;) .then(response =\u0026gt; response.json()) .then(data =\u0026gt; { console.log(\u0026#34;User ID:\u0026#34;, data.user_id); console.log(\u0026#34;Status:\u0026#34;, data.status); }) .catch(error =\u0026gt; { console.error(\u0026#34;Error:\u0026#34;, error); }); JavaScript có khả năng parse JSON một cách tự nhiên, giúp việc xử lý dữ liệu từ Server trở nên rất thuận tiện.\n5. So sánh JSON và XML Tiêu chí JSON XML Độ gọn nhẹ Cao Thấp Dễ đọc Dễ Khó Parse trong JS Tự nhiên Phức tạp Phổ biến hiện nay Rất cao Giảm dần 6. Ứng dụng thực tế của REST API và JSON REST API và JSON được sử dụng rộng rãi trong:\nỨng dụng web và mobile: Kết nối người dùng với dữ liệu. Kiến trúc Microservices: Giao tiếp giữa các dịch vụ trong hệ thống lớn. Hệ thống tách biệt Frontend – Backend: Cho phép đội ngũ phát triển độc lập. Tích hợp bên thứ ba: Ví dụ như tích hợp thanh toán, bản đồ, hay API mạng xã hội. Kết luận REST API và JSON là cặp công nghệ nền tảng trong phát triển phần mềm hiện đại. Java đảm nhiệm tốt vai trò xây dựng và xử lý REST API ở phía Server, trong khi JavaScript giúp Client giao tiếp và xử lý dữ liệu JSON một cách hiệu quả. Việc nắm vững REST và JSON là yêu cầu bắt buộc đối với bất kỳ lập trình viên nào hiện nay.\n","categories": ["Development","REST API","JSON"]},{"title": "So sánh Java và JavaScript trong lập trình mạng","url": "/posts/bai-viet-8/","date": "23/12/2025","summary": "Java và JavaScript đều đóng vai trò quan trọng trong lập trình mạng hiện đại, nhưng mỗi ngôn ngữ lại theo đuổi một triết lý thiết kế hoàn toàn khác nhau. Việc hiểu rõ sự khác biệt này giúp lập trình viên lựa chọn công cụ phù hợp cho từng bài toán cụ thể.\n1. Tổng quan về triết lý thiết kế Java được xây dựng với mục tiêu ổn định, an toàn và khả năng mở rộng lâu dài. Nó phù hợp cho các hệ thống lớn, yêu cầu kiểm soát tài nguyên chặt chẽ. JavaScript (Node.js) tập trung vào xử lý I/O bất đồng bộ, tối ưu cho các ứng dụng mạng cần phản hồi nhanh và xử lý nhiều kết nối đồng thời. Hai hướng tiếp cận khác nhau này tạo nên sự khác biệt rõ rệt trong lập trình mạng.\n","content": "Java và JavaScript đều đóng vai trò quan trọng trong lập trình mạng hiện đại, nhưng mỗi ngôn ngữ lại theo đuổi một triết lý thiết kế hoàn toàn khác nhau. Việc hiểu rõ sự khác biệt này giúp lập trình viên lựa chọn công cụ phù hợp cho từng bài toán cụ thể.\n1. Tổng quan về triết lý thiết kế Java được xây dựng với mục tiêu ổn định, an toàn và khả năng mở rộng lâu dài. Nó phù hợp cho các hệ thống lớn, yêu cầu kiểm soát tài nguyên chặt chẽ. JavaScript (Node.js) tập trung vào xử lý I/O bất đồng bộ, tối ưu cho các ứng dụng mạng cần phản hồi nhanh và xử lý nhiều kết nối đồng thời. Hai hướng tiếp cận khác nhau này tạo nên sự khác biệt rõ rệt trong lập trình mạng.\n2. Bảng so sánh Java và JavaScript Tiêu chí Java JavaScript (Node.js) Mô hình xử lý Multi-threading thực sự Event Loop (Non-blocking I/O) Quản lý luồng Thread \u0026amp; Thread Pool Callback / Promise / Async-Await Kiểu dữ liệu Strongly Typed Dynamically Typed Hiệu năng CPU Cao, ổn định Tốt cho I/O, yếu hơn CPU-bound Môi trường sử dụng Server, Enterprise Client + Server Ứng dụng tiêu biểu Banking, IoT, Microservices Web API, Realtime App 3. Phân tích theo từng bài toán mạng Khi nào nên chọn Java? Server kết nối bền vững: Xử lý nhiều kết nối TCP lâu dài. Tính ổn định cao: Các hệ thống yêu cầu độ tin cậy và bảo mật như ngân hàng, IoT. Xử lý nặng (CPU-bound): Khi cần tính toán nhiều trước khi gửi dữ liệu. Khi nào nên chọn JavaScript? Ứng dụng Realtime: Chat, Notification, Dashboard. Phát triển nhanh: Web API và các ứng dụng cần triển khai thần tốc. I/O-intensive: Khi phần lớn công việc là đọc/ghi dữ liệu từ mạng hoặc database. 4. Ví dụ góc nhìn lập trình mạng Trong thực tế:\nJava phù hợp để xây dựng Server Socket quản lý hàng nghìn kết nối bền vững với sự kiểm soát chi tiết về bộ nhớ. JavaScript (Node.js) mạnh ở việc xử lý hàng chục nghìn request HTTP ngắn hạn nhờ mô hình non-blocking giúp giảm độ trễ tối đa. Kết luận Java và JavaScript không phải đối thủ mà là cặp công cụ bổ trợ trong thế giới lập trình mạng hiện đại. Việc thành thạo cả hai giúp bạn hiểu sâu cách mạng hoạt động, thiết kế hệ thống tối ưu hơn và trở thành một Full-stack Network Engineer thực thụ. Lựa chọn ngôn ngữ không quan trọng bằng việc hiểu rõ bài toán mạng bạn đang giải quyết.\n","categories": ["Development","Networking"]},{"title": "Tổng quan lập trình mạng và vai trò của Java \u0026 JavaScript","url": "/posts/bai-viet-1/","date": "23/12/2025","summary": "Lập trình mạng là nền tảng cốt lõi của Internet hiện đại, cho phép các thiết bị và ứng dụng giao tiếp, trao đổi dữ liệu với nhau thông qua mạng máy tính. Từ website, ứng dụng di động cho đến các hệ thống phân tán quy mô lớn, tất cả đều dựa trên lập trình mạng. Trong bài viết này, mình sẽ trình bày tổng quan về lập trình mạng và phân tích vai trò của Java và JavaScript trong lĩnh vực này.\n","content": "Lập trình mạng là nền tảng cốt lõi của Internet hiện đại, cho phép các thiết bị và ứng dụng giao tiếp, trao đổi dữ liệu với nhau thông qua mạng máy tính. Từ website, ứng dụng di động cho đến các hệ thống phân tán quy mô lớn, tất cả đều dựa trên lập trình mạng. Trong bài viết này, mình sẽ trình bày tổng quan về lập trình mạng và phân tích vai trò của Java và JavaScript trong lĩnh vực này.\n1. Tổng quan về lập trình mạng Lập trình mạng (Network Programming) là quá trình xây dựng các chương trình có khả năng giao tiếp và trao đổi dữ liệu qua mạng, thường dựa trên mô hình Client – Server.\nMột số khái niệm quan trọng trong lập trình mạng:\nClient – Server: Client gửi yêu cầu, Server xử lý và phản hồi Socket: Kênh giao tiếp hai chiều giữa hai tiến trình Protocol: TCP/IP, HTTP, UDP, WebSocket Port: Cổng giao tiếp xác định dịch vụ trên Server Lập trình mạng được ứng dụng rộng rãi trong:\nWebsite và Web API Ứng dụng chat, game online Hệ thống ngân hàng, thanh toán IoT và hệ thống phân tán 2. Vai trò của Java trong lập trình mạng Java là ngôn ngữ được sử dụng rất phổ biến trong lập trình mạng, đặc biệt ở phía Server và các hệ thống doanh nghiệp.\nƯu điểm của Java Cung cấp thư viện mạng mạnh mẽ (java.net) Hỗ trợ đa luồng (Multithreading) tốt Tính ổn định và bảo mật cao Phù hợp cho các hệ thống lớn, yêu cầu hoạt động lâu dài Java thường được sử dụng để:\nXây dựng Server Socket Phát triển RESTful API (Spring Boot) Hệ thống backend cho doanh nghiệp, ngân hàng Ví dụ: Java Server Socket ServerSocket server = new ServerSocket(8080); System.out.println(\u0026#34;Server started on port 8080\u0026#34;); Socket client = server.accept(); System.out.println(\u0026#34;Client connected: \u0026#34; + client.getInetAddress()); Đoạn code trên minh họa cách Java tạo một server lắng nghe và chấp nhận kết nối từ client thông qua Socket.\n3. Vai trò của JavaScript trong lập trình mạng Trước đây, JavaScript chủ yếu chạy ở phía trình duyệt (Client-side). Tuy nhiên, với sự ra đời của Node.js, JavaScript đã trở thành một ngôn ngữ mạnh mẽ trong lập trình mạng phía Backend.\nƯu điểm của JavaScript Mô hình non-blocking I/O, xử lý tốt nhiều kết nối đồng thời Phát triển nhanh, linh hoạt Phù hợp cho các ứng dụng real-time JavaScript thường được sử dụng trong:\nWeb API Ứng dụng chat, thông báo thời gian thực WebSocket và các hệ thống real-time Ví dụ: JavaScript Fetch API fetch(\u0026#34;https://api.example.com/status\u0026#34;) .then(response =\u0026gt; response.json()) .then(data =\u0026gt; { console.log(\u0026#34;System Status:\u0026#34;, data); }) .catch(error =\u0026gt; { console.error(\u0026#34;Error:\u0026#34;, error); }); Đoạn code trên cho thấy JavaScript giao tiếp với server thông qua giao thức HTTP để lấy dữ liệu.\n4. So sánh Java và JavaScript trong lập trình mạng Tiêu chí Java JavaScript Mô hình xử lý Đa luồng Event-driven Hiệu năng Ổn định, bền bỉ Nhanh, linh hoạt Ứng dụng chính Hệ thống doanh nghiệp Web, real-time Khả năng mở rộng Cao Rất cao Mỗi ngôn ngữ có ưu điểm riêng và phù hợp với từng bài toán cụ thể.\n5. Ứng dụng thực tế Trong các hệ thống web hiện đại:\nJava thường đảm nhiệm backend xử lý logic phức tạp, bảo mật cao JavaScript đảm nhiệm frontend và các chức năng giao tiếp real-time Việc kết hợp Java và JavaScript giúp xây dựng hệ thống:\nHoạt động ổn định Dễ mở rộng Dễ bảo trì và phát triển lâu dài Kết luận Lập trình mạng đóng vai trò quan trọng trong mọi ứng dụng hiện đại. Java phù hợp cho các hệ thống yêu cầu độ tin cậy và bảo mật cao, trong khi JavaScript nổi bật với khả năng phát triển nhanh và xử lý thời gian thực hiệu quả. Việc hiểu rõ vai trò của từng ngôn ngữ sẽ giúp lập trình viên lựa chọn công nghệ phù hợp cho từng bài toán cụ thể.\n","categories": ["Networking","Java","JavaScript"]},{"title": "WebSocket – Giao tiếp realtime trong Java \u0026 JavaScript","url": "/posts/bai-viet-6/","date": "23/12/2025","summary": "Nếu HTTP giống như một cuộc gọi điện thoại (kết nối xong rồi ngắt), thì WebSocket giống như bộ đàm – kết nối được duy trì liên tục và cho phép hai bên trao đổi dữ liệu theo thời gian thực.\n1. Tổng quan về WebSocket WebSocket là một giao thức cho phép giao tiếp song công toàn phần (full-duplex) giữa Client và Server thông qua một kết nối TCP duy nhất.\n","content": "Nếu HTTP giống như một cuộc gọi điện thoại (kết nối xong rồi ngắt), thì WebSocket giống như bộ đàm – kết nối được duy trì liên tục và cho phép hai bên trao đổi dữ liệu theo thời gian thực.\n1. Tổng quan về WebSocket WebSocket là một giao thức cho phép giao tiếp song công toàn phần (full-duplex) giữa Client và Server thông qua một kết nối TCP duy nhất.\nKhác với HTTP truyền thống:\nHTTP: Client phải chủ động gửi request để nhận response. WebSocket: Server có thể chủ động gửi dữ liệu cho Client bất kỳ lúc nào. WebSocket bắt đầu bằng một HTTP Handshake, sau đó được nâng cấp (Upgrade) sang giao thức WebSocket (ws:// hoặc wss://).\n2. Quy trình hoạt động của WebSocket Quá trình giao tiếp WebSocket diễn ra theo các bước:\nClient gửi HTTP request yêu cầu nâng cấp kết nối. Server chấp nhận và chuyển sang WebSocket. Kết nối được giữ mở liên tục. Client và Server trao đổi dữ liệu hai chiều. Kết nối chỉ đóng khi một trong hai bên chủ động ngắt. Nhờ cơ chế này, WebSocket giảm đáng kể độ trễ so với HTTP Polling hoặc Long Polling.\n3. Ví dụ code WebSocket Java: Xử lý message từ Client @OnMessage public void processMessage(String clientMessage, Session session) { System.out.println(\u0026#34;Received: \u0026#34; + clientMessage); try { session.getBasicRemote().sendText(\u0026#34;Server echo: \u0026#34; + clientMessage); } catch (IOException e) { e.printStackTrace(); } } Đoạn mã trên minh họa cách Server Java nhận dữ liệu, xử lý và phản hồi ngay lập tức. Trong thực tế, Java thường sử dụng Java EE WebSocket API hoặc Spring Boot WebSocket.\nJavaScript: Kết nối WebSocket Client const socket = new WebSocket(\u0026#34;ws://blog.local/realtime\u0026#34;); socket.onopen = () =\u0026gt; { console.log(\u0026#34;WebSocket connected\u0026#34;); }; socket.onmessage = (event) =\u0026gt; { updateNotification(event.data); }; socket.onclose = () =\u0026gt; { console.log(\u0026#34;WebSocket closed\u0026#34;); }; JavaScript giữ kết nối WebSocket luôn mở, cho phép nhận dữ liệu realtime từ Server mà không cần gửi request liên tục.\n4. So sánh WebSocket và HTTP Polling Tiêu chí WebSocket HTTP Polling Kết nối Duy trì liên tục Mở/đóng nhiều lần Giao tiếp hai chiều Có (Full-duplex) Không (Half-duplex) Độ trễ Rất thấp Cao Tài nguyên Tiết kiệm Tốn kém 5. Ứng dụng thực tế của WebSocket WebSocket được sử dụng phổ biến trong:\nỨng dụng chat realtime: Nhận tin nhắn ngay lập tức. Game online: Đồng bộ hóa trạng thái người chơi. Sàn chứng khoán: Theo dõi giá cổ phiếu nhảy số từng giây. Hệ thống thông báo: Notification nhảy ra ngay khi có sự kiện. Dashboard IoT: Giám sát dữ liệu cảm biến thời gian thực. Kết luận WebSocket mang lại khả năng giao tiếp realtime hiệu quả cho các ứng dụng hiện đại. Trong khi Java đảm nhiệm tốt vai trò Server xử lý kết nối, JavaScript giúp Client nhận và phản hồi thông tin tức thời, tạo nên trải nghiệm người dùng mượt mà và sống động.\n","categories": ["Development","WebSocket","Realtime"]}]
