<?xml version="1.0" encoding="utf-8" standalone="yes"?>
<rss version="2.0" xmlns:atom="http://www.w3.org/2005/Atom">
  <channel>
    <title>Categories on ĐÌNH NGÂN BLOG</title>
    <link>/categories/</link>
    <description>Recent content in Categories on ĐÌNH NGÂN BLOG</description>
    <generator>Hugo</generator>
    <language>vi</language>
    <lastBuildDate>Tue, 23 Dec 2025 00:00:00 +0000</lastBuildDate>
    <atom:link href="/categories/index.xml" rel="self" type="application/rss+xml" />
    <item>
      <title>Client-Server</title>
      <link>/categories/client-server/</link>
      <pubDate>Tue, 23 Dec 2025 00:00:00 +0000</pubDate>
      <guid>/categories/client-server/</guid>
      <description></description>
    </item>
    <item>
      <title>Development</title>
      <link>/categories/development/</link>
      <pubDate>Tue, 23 Dec 2025 00:00:00 +0000</pubDate>
      <guid>/categories/development/</guid>
      <description></description>
    </item>
    <item>
      <title>HTTP</title>
      <link>/categories/http/</link>
      <pubDate>Tue, 23 Dec 2025 00:00:00 +0000</pubDate>
      <guid>/categories/http/</guid>
      <description></description>
    </item>
    <item>
      <title>Java</title>
      <link>/categories/java/</link>
      <pubDate>Tue, 23 Dec 2025 00:00:00 +0000</pubDate>
      <guid>/categories/java/</guid>
      <description></description>
    </item>
    <item>
      <title>JavaScript</title>
      <link>/categories/javascript/</link>
      <pubDate>Tue, 23 Dec 2025 00:00:00 +0000</pubDate>
      <guid>/categories/javascript/</guid>
      <description></description>
    </item>
    <item>
      <title>JSON</title>
      <link>/categories/json/</link>
      <pubDate>Tue, 23 Dec 2025 00:00:00 +0000</pubDate>
      <guid>/categories/json/</guid>
      <description></description>
    </item>
    <item>
      <title>Networking</title>
      <link>/categories/networking/</link>
      <pubDate>Tue, 23 Dec 2025 00:00:00 +0000</pubDate>
      <guid>/categories/networking/</guid>
      <description></description>
    </item>
    <item>
      <title>Realtime</title>
      <link>/categories/realtime/</link>
      <pubDate>Tue, 23 Dec 2025 00:00:00 +0000</pubDate>
      <guid>/categories/realtime/</guid>
      <description></description>
    </item>
    <item>
      <title>REST API</title>
      <link>/categories/rest-api/</link>
      <pubDate>Tue, 23 Dec 2025 00:00:00 +0000</pubDate>
      <guid>/categories/rest-api/</guid>
      <description></description>
    </item>
    <item>
      <title>Security</title>
      <link>/categories/security/</link>
      <pubDate>Tue, 23 Dec 2025 00:00:00 +0000</pubDate>
      <guid>/categories/security/</guid>
      <description></description>
    </item>
    <item>
      <title>WebSocket</title>
      <link>/categories/websocket/</link>
      <pubDate>Tue, 23 Dec 2025 00:00:00 +0000</pubDate>
      <guid>/categories/websocket/</guid>
      <description></description>
    </item>
  </channel>
</rss>
